"miRNA_ID","Lycorine_A1","Bufalin_B3","DMSO_C5","Lycorine_A9","Bufalin_B12","DMSO_C14","Lycorine_A18","Bufalin_B20","DMSO_C22"
"rno-miR-322-3p",325,1741,1230,3768,2383,3110,1894,1361,2269
"rno-miR-181a-5p",3531,21883,13584,26656,20226,25517,16746,12316,20428
"rno-miR-181b-5p",694,3949,3006,6654,5266,5837,3535,2612,4420
"rno-miR-3542",3,17,12,17,19,20,8,4,15
"rno-miR-295-3p",0,0,0,2,1,1,1,0,0
"rno-miR-3556b",0,0,0,0,0,0,0,0,0
"rno-miR-190a-3p",3,11,2,14,6,8,11,3,6
"rno-miR-295-5p",1,0,0,0,1,0,0,0,0
"rno-miR-103-3p",1424,6938,5811,17555,11339,14726,8926,5049,7076
"rno-miR-434-5p",7,61,29,26,34,46,22,17,57
"rno-miR-138-5p",6,13,10,24,24,14,8,10,15
"rno-miR-344b-5p",2,2,0,0,0,1,1,1,0
"rno-miR-9a-3p",3,47,26,61,63,57,32,26,58
"rno-miR-9b-3p",0,0,0,0,0,0,0,0,0
"rno-miR-466b-3p",40,34,17,21,20,20,18,24,34
"rno-miR-466b-4-3p",24,49,27,29,36,40,34,32,51
"rno-miR-450b-3p",22,130,107,264,191,239,144,104,164
"rno-miR-17-5p",201,1312,1104,1626,1625,2291,1433,1396,2339
"rno-miR-322-5p",406,2064,1250,3109,2107,2970,2432,1517,2518
"rno-miR-3543",0,0,0,0,0,1,0,0,1
"rno-miR-124-5p",42,25,15,4,8,5,9,11,18
"rno-let-7c-2-3p",335,2884,1718,4496,3287,3763,2244,1560,2694
"rno-miR-542-5p",4,17,19,9,10,17,10,11,19
"rno-miR-29b-5p",19,63,42,147,96,111,65,32,54
"rno-miR-129-5p",4,22,12,22,20,26,23,11,22
"rno-miR-3584-3p",0,0,0,0,0,0,0,0,0
"rno-miR-598-5p",6,16,10,2,1,0,3,2,3
"rno-miR-503-3p",98,541,377,981,701,910,566,337,582
"rno-miR-3584-5p",39,29,34,6,8,15,8,14,24
"rno-miR-344b-3p",0,0,0,0,0,0,0,0,0
"rno-miR-351-3p",24,13,15,9,9,19,10,5,15
"rno-miR-6317",3,1,0,0,0,1,0,1,1
"rno-miR-3084b-5p",0,0,0,0,0,0,0,0,0
"rno-miR-124-3p",0,0,0,2,1,1,0,1,0
"rno-miR-598-3p",183,211,189,352,253,277,178,162,265
"rno-miR-29b-3p",199,1138,625,1590,1217,1451,583,480,888
"rno-miR-29c-3p",42,198,118,277,222,300,134,110,134
"rno-miR-503-5p",73,419,272,705,438,639,499,362,537
"rno-miR-196b-5p",0,2,2,1,4,2,2,1,4
"rno-miR-466b-5p",8,62,48,80,68,80,50,38,82
"rno-miR-664-3p",130,942,652,2312,1668,2033,981,605,1072
"rno-miR-92a-3p",1076,7365,5868,12481,10615,12785,7138,5640,9604
"rno-miR-128-3p",412,5600,2590,6389,5052,5864,2387,1762,3156
"rno-miR-344a-5p",3,0,5,0,0,0,0,1,3
"rno-miR-6319",6,2,4,6,6,8,5,5,2
"rno-miR-125b-5p",0,0,0,0,0,0,0,0,0
"rno-miR-351-5p",389,2538,1801,4979,3586,4361,2647,1847,2920
"rno-miR-340-3p",29,416,173,375,326,344,186,133,221
"rno-miR-196b-3p",8,2,4,0,1,1,0,2,3
"rno-miR-9a-5p",286,1448,978,2765,1954,2424,1294,913,1585
"rno-miR-29c-5p",45,390,167,317,283,307,151,115,232
"rno-let-7f-5p",12213,88333,60915,165584,129619,155511,70448,51696,79649
"rno-let-7a-5p",0,0,0,0,0,0,0,0,0
"rno-let-7c-5p",5660,31151,22156,59640,44125,49679,31093,22037,36929
"rno-miR-190a-5p",54,261,190,448,299,358,258,149,255
"rno-miR-219a-5p",0,8,4,20,11,17,8,8,15
"rno-miR-7a-5p",521,5383,3666,8859,7413,7900,3784,3103,4463
"rno-miR-24-3p",6943,56338,32105,75502,55691,71308,38632,30771,49416
"rno-miR-30c-5p",26229,190968,139174,430027,307411,336538,179617,115905,193643
"rno-miR-194-5p",98,536,417,2087,1412,1957,916,605,966
"rno-miR-542-3p",182,765,562,1952,1028,1605,1288,909,1229
"rno-miR-19b-3p",91,543,306,630,452,652,588,421,754
"rno-miR-340-5p",209,1351,817,1994,1560,1918,1059,864,1436
"rno-miR-350",17,102,74,194,137,185,112,62,120
"rno-miR-9b-5p",0,0,0,0,0,0,0,0,0
"rno-miR-3084b-3p",20,15,12,14,6,12,14,9,8
"rno-miR-218a-5p",1,16,7,10,6,10,4,2,3
"rno-miR-434-3p",0,0,0,0,0,0,0,0,0
"rno-miR-450b-5p",6,51,15,60,20,23,31,24,20
"rno-miR-320-3p",341,2203,1723,7173,5027,5580,3658,2045,3187
"rno-miR-495",4,9,4,7,10,20,6,5,13
"rno-miR-218a-1-3p",0,3,3,1,1,2,1,4,4
"rno-miR-543-3p",2,11,7,18,9,23,9,10,18
"rno-miR-451-5p",28,258,134,411,364,430,598,439,652
"rno-miR-741-3p",1,0,1,0,0,1,0,0,0
"rno-miR-6325",8,11,9,2,6,8,2,7,7
"rno-miR-291b",1,0,2,2,1,0,0,0,1
"rno-miR-291a-3p",5,0,0,1,2,1,1,3,1
"rno-miR-148a-5p",33,431,151,244,227,260,171,138,282
"rno-miR-216b-5p",13,4,3,4,5,2,5,1,2
"rno-miR-224-3p",2,6,4,14,2,12,1,1,4
"rno-miR-338-5p",14,46,28,77,54,72,42,34,52
"rno-miR-329-3p",1,3,7,5,7,7,1,7,11
"rno-miR-362-3p",40,166,131,317,205,342,220,162,299
"rno-miR-3591",0,0,0,0,0,0,0,0,0
"rno-miR-3587",0,0,0,0,0,0,0,0,0
"rno-miR-376c-3p",0,5,1,7,4,7,4,2,3
"rno-miR-499-3p",525,1321,1034,608,1172,802,631,719,1082
"rno-miR-448-5p",1,0,0,0,0,0,0,0,0
"rno-miR-181c-5p",80,629,306,663,478,519,424,315,497
"rno-miR-181d-5p",825,4644,3033,9069,6947,7124,4355,2741,4810
"rno-miR-100-5p",5718,32285,22977,65896,45038,62195,30193,20479,36440
"rno-miR-99a-5p",17338,159130,79170,157183,151924,157007,65675,58647,116666
"rno-miR-582-3p",27,45,49,94,65,70,68,52,89
"rno-miR-122-3p",1,1,0,3,5,2,1,1,2
"rno-miR-190b-3p",0,1,1,0,0,0,1,0,1
"rno-miR-3596a",0,0,0,0,0,0,0,0,0
"rno-miR-3596b",0,0,0,0,0,0,0,0,0
"rno-miR-3544",0,0,1,0,0,1,1,0,0
"rno-miR-193b-3p",23,63,47,119,87,107,81,52,63
"rno-miR-193a-3p",3,12,8,9,7,5,9,4,10
"rno-miR-452-5p",28,74,74,357,171,326,86,49,68
"rno-miR-483-5p",5,13,6,13,15,16,18,9,13
"rno-miR-129-1-3p",0,0,0,0,0,0,0,0,0
"rno-miR-129-2-3p",0,4,2,6,3,16,9,4,4
"rno-miR-22-3p",7569,78618,32695,73175,57912,69238,36633,27359,49921
"rno-miR-208b-5p",3,19,11,14,12,15,6,6,22
"rno-miR-28-5p",207,1436,948,2610,1936,2249,1439,1018,1682
"rno-miR-708-5p",18,48,40,65,50,56,62,24,58
"rno-miR-541-5p",9,44,46,126,80,120,76,75,104
"rno-miR-1839-5p",180,910,787,2947,1926,2814,1326,843,1656
"rno-miR-872-5p",326,1709,1184,2777,1978,2780,1489,1113,2016
"rno-miR-292-3p",18,42,13,13,33,33,20,25,38
"rno-miR-3592",0,0,0,0,0,0,0,0,0
"rno-miR-543-5p",0,0,0,0,0,1,0,0,1
"rno-miR-369-3p",1,13,3,22,24,21,13,16,26
"rno-miR-410-3p",4,10,3,8,6,12,4,6,9
"rno-miR-34c-3p",12,17,13,29,10,19,11,6,17
"rno-miR-34b-3p",7,44,22,44,37,38,20,13,34
"rno-miR-34a-3p",2,0,0,0,1,3,0,2,1
"rno-miR-154-3p",0,3,3,0,3,2,1,0,2
"rno-miR-382-3p",0,0,0,0,0,0,0,0,0
"rno-miR-500-5p",4,1,1,5,2,2,0,3,2
"rno-miR-362-5p",23,104,89,198,164,201,164,121,177
"rno-miR-501-5p",2,1,0,0,0,3,2,2,2
"rno-miR-487b-3p",18,4,13,9,8,7,9,8,13
"rno-miR-425-5p",80,530,295,576,502,544,337,274,515
"rno-miR-501-3p",0,0,0,0,0,0,0,0,0
"rno-miR-500-3p",6,30,16,42,27,43,27,28,41
"rno-miR-652-3p",217,888,760,1670,1306,1665,1183,898,1418
"rno-miR-6329",11,144,70,142,94,161,63,38,60
"rno-miR-511-3p",3,24,15,16,30,41,11,20,32
"rno-miR-409a-3p",0,0,0,0,0,0,0,0,0
"rno-miR-363-3p",31,247,97,304,206,227,163,132,214
"rno-miR-7a-1-3p",9,58,30,59,52,65,53,37,55
"rno-miR-196c-3p",3,1,1,2,0,3,0,3,4
"rno-miR-652-5p",0,9,8,20,19,26,15,9,9
"rno-miR-125b-2-3p",211,1070,821,2557,1885,1942,1188,736,1202
"rno-miR-672-3p",76,51,75,6,23,24,14,38,38
"rno-miR-3576",0,0,0,0,0,0,0,0,0
"rno-miR-3557-3p",0,0,0,0,0,0,0,0,0
"rno-miR-10b-3p",0,3,0,2,3,1,1,0,3
"rno-miR-214-3p",75,460,266,782,581,669,595,345,567
"rno-miR-125a-3p",17,54,49,77,66,91,34,46,54
"rno-miR-199a-3p",6513,34992,28867,79124,53700,71934,47532,30681,48221
"rno-miR-206-5p",4,5,2,2,1,2,3,8,9
"rno-miR-16-3p",1,16,15,32,22,29,25,17,20
"rno-miR-181a-2-3p",21,128,86,239,158,183,107,65,121
"rno-miR-665",9,6,4,2,3,2,3,2,8
"rno-miR-181c-3p",82,348,258,737,484,609,407,287,463
"rno-miR-181a-1-3p",0,0,0,0,0,0,0,0,0
"rno-miR-1247-5p",0,2,2,6,4,5,0,1,0
"rno-miR-132-5p",47,143,62,175,84,78,126,61,129
"rno-miR-221-5p",55,145,142,248,306,344,101,152,212
"rno-miR-146a-3p",26,57,32,69,39,57,42,36,75
"rno-miR-212-5p",23,40,30,74,32,62,56,36,67
"rno-miR-1249",30,82,83,123,96,158,58,45,69
"rno-miR-802-3p",18,6,16,1,6,7,3,3,7
"rno-miR-137-5p",0,0,0,0,0,0,1,0,0
"rno-miR-125b-1-3p",24,124,119,162,166,294,120,83,166
"rno-miR-3596c",0,0,0,0,0,0,0,0,0
"rno-miR-292-5p",0,0,0,1,2,8,5,4,3
"rno-miR-293-5p",1,2,1,4,7,9,4,4,8
"rno-miR-136-5p",17,23,11,10,11,11,8,13,37
"rno-miR-130b-5p",2,8,8,16,19,15,8,11,26
"rno-miR-29a-5p",7,51,15,40,29,45,22,14,25
"rno-miR-17-2-3p",3,25,19,36,32,38,25,17,40
"rno-miR-17-1-3p",8,19,17,39,31,49,38,27,48
"rno-miR-20b-3p",1,4,3,16,8,13,4,4,13
"rno-miR-20a-3p",108,36,45,3,24,15,4,38,43
"rno-miR-18a-3p",1,3,6,1,17,12,5,10,19
"rno-miR-93-3p",6,24,16,37,20,34,24,17,27
"rno-miR-3575",0,0,0,0,0,0,0,0,0
"rno-miR-378a-3p",0,0,0,0,0,0,0,0,0
"rno-miR-336-3p",1,1,0,0,0,0,1,1,0
"rno-miR-3558-3p",6,8,6,11,4,6,4,11,15
"rno-miR-3561-5p",1,0,0,0,1,0,0,1,1
"rno-miR-219a-2-3p",9,4,1,0,0,2,0,3,1
"rno-miR-504",56,416,270,791,545,634,351,242,397
"rno-miR-1839-3p",15,108,61,196,108,190,73,59,121
"rno-miR-27b-5p",69,189,183,300,226,288,157,156,197
"rno-miR-485-5p",0,4,3,1,3,1,3,1,4
"rno-miR-879-5p",48,9,10,1,7,2,2,7,14
"rno-let-7d-5p",1777,11332,8145,22639,17696,19343,11158,8552,13882
"rno-miR-202-3p",0,0,0,0,0,0,0,0,0
"rno-miR-377-5p",1,1,3,0,0,2,0,2,1
"rno-miR-329-5p",33,35,22,22,16,28,18,20,23
"rno-miR-352",0,4,2,9,4,4,4,1,5
"rno-miR-219a-1-3p",1,13,12,40,23,20,18,7,16
"rno-miR-214-5p",2,2,0,0,0,0,0,2,1
"rno-miR-369-5p",0,0,0,0,0,0,0,0,0
"rno-miR-219b",1,1,3,5,3,7,3,4,5
"rno-miR-770-5p",8,3,5,2,1,5,2,3,1
"rno-miR-107-3p",108,858,537,1415,1166,1345,773,508,804
"rno-miR-3583-5p",10,3,4,3,0,6,1,4,3
"rno-miR-210-5p",22,14,14,27,27,36,23,24,26
"rno-miR-381-5p",0,0,0,0,0,0,0,0,0
"rno-miR-666-5p",1,1,1,0,0,0,0,0,0
"rno-miR-222-3p",76,1492,1633,1028,3382,4119,513,1408,2720
"rno-miR-221-3p",260,2922,2839,3508,5444,6545,1849,2764,4793
"rno-miR-423-3p",769,4428,3045,8118,6147,6428,3710,2640,4190
"rno-miR-133a-5p",1240,5591,4332,14230,9270,11929,7327,4284,6454
"rno-miR-103-2-5p",0,0,0,1,0,0,0,0,0
"rno-miR-107-5p",1,0,1,1,3,1,0,3,4
"rno-miR-298-3p",21,54,32,58,48,65,50,45,78
"rno-miR-31a-5p",1,26,65,10,65,259,19,67,176
"rno-miR-6314",5,16,12,17,14,24,4,4,14
"rno-miR-449c-5p",1,0,0,0,0,0,0,1,0
"rno-miR-34b-5p",5,7,8,20,4,11,8,3,7
"rno-miR-34c-5p",168,744,521,1106,634,887,558,356,542
"rno-miR-15a-3p",1,0,3,1,0,3,2,0,3
"rno-miR-6328",32,23,18,25,26,20,9,16,32
"rno-miR-25-5p",4,23,16,24,26,31,21,12,21
"rno-miR-187-5p",2,2,1,2,1,1,1,1,0
"rno-miR-3552",16,6,6,1,2,1,1,2,7
"rno-miR-92b-5p",1,0,0,0,0,0,2,0,1
"rno-miR-296-5p",3,29,12,30,20,13,38,18,52
"rno-miR-27a-5p",287,605,452,2512,934,1197,1252,496,957
"rno-miR-342-5p",4,15,7,12,16,15,13,8,14
"rno-miR-409b",0,18,6,30,15,19,14,9,24
"rno-miR-540-3p",5,1,8,3,3,10,1,6,7
"rno-miR-92a-2-5p",0,0,1,0,0,0,0,1,0
"rno-miR-323-5p",0,0,0,1,0,0,1,0,0
"rno-miR-409a-5p",6,8,9,16,14,11,11,16,11
"rno-miR-152-5p",10,92,34,75,55,97,32,32,78
"rno-miR-92a-1-5p",2,25,7,21,18,20,16,14,24
"rno-miR-496-5p",9,1,4,0,0,1,2,2,6
"rno-miR-494-5p",2,0,0,0,0,0,1,3,5
"rno-miR-410-5p",1,0,1,0,0,0,0,1,0
"rno-miR-496-3p",2,3,0,2,1,4,2,2,4
"rno-miR-344g",1,2,0,0,0,0,0,0,0
"rno-miR-1956-5p",32,13,5,5,7,5,5,7,17
"rno-miR-293-3p",0,3,0,0,0,0,0,0,1
"rno-miR-378b",3,13,5,21,20,19,96,67,118
"rno-miR-541-3p",0,0,1,0,0,1,0,2,1
"rno-miR-203b-5p",0,0,0,0,0,0,0,0,0
"rno-miR-487b-5p",0,1,0,1,0,0,1,0,1
"rno-miR-203a-5p",0,0,0,0,0,0,0,0,0
"rno-miR-22-5p",230,2485,1121,2427,1934,2189,1127,918,1719
"rno-miR-19b-2-5p",0,2,0,0,0,0,1,1,3
"rno-miR-19b-1-5p",1,1,1,3,2,3,1,3,1
"rno-miR-3546",0,1,0,1,0,0,1,0,0
"rno-miR-208b-3p",68,376,184,304,159,324,429,279,519
"rno-miR-208a-3p",572,5861,2108,4800,2774,3982,2727,1843,3912
"rno-miR-3586-3p",4,16,14,28,28,33,19,10,14
"rno-miR-374-5p",431,2580,1491,3290,2480,3223,2194,1705,3424
"rno-miR-421-3p",23,112,71,154,129,151,109,79,114
"rno-miR-23b-3p",5721,30554,22692,53737,39311,47920,25998,18839,31392
"rno-miR-23a-3p",6022,26301,22578,45642,36198,47904,21484,17591,26579
"rno-miR-217-3p",0,0,1,1,0,1,0,0,1
"rno-miR-376b-3p",3,6,2,7,3,5,8,4,10
"rno-miR-433-3p",6,13,5,17,11,11,17,12,10
"rno-miR-425-3p",17,76,33,143,87,118,86,61,100
"rno-miR-376a-3p",0,1,0,1,0,0,0,0,0
"rno-miR-3549",0,0,0,0,0,0,0,0,0
"rno-miR-489-3p",1,0,0,0,0,0,0,1,0
"rno-miR-215",12,12,20,14,10,19,9,11,16
"rno-miR-628",0,2,2,0,0,2,2,2,1
"rno-miR-1843b-5p",20,96,65,232,147,211,97,62,93
"rno-miR-1193-5p",0,1,1,0,0,0,1,0,0
"rno-miR-451-3p",10,1,4,2,2,0,4,3,6
"rno-miR-380-5p",0,0,0,0,0,0,0,0,0
"rno-miR-135b-3p",1,0,1,0,0,0,0,0,0
"rno-miR-3559-3p",14,97,46,143,116,126,77,51,129
"rno-miR-568",0,1,1,0,0,1,0,0,0
"rno-miR-297",1,1,1,0,0,0,0,4,2
"rno-miR-466d",7,2,1,0,1,0,0,1,5
"rno-miR-1297",3,0,3,4,1,1,1,1,5
"rno-miR-384-3p",4,27,10,27,31,41,25,10,16
"rno-miR-544-3p",2,0,3,0,0,1,1,0,0
"rno-miR-547-3p",45,438,207,365,299,456,234,180,327
"rno-miR-592",0,3,0,3,6,4,3,0,6
"rno-miR-186-5p",1310,7364,5017,14446,10757,12020,6488,4460,8295
"rno-miR-20b-5p",21,43,27,49,38,50,42,32,46
"rno-miR-93-5p",315,1462,1258,3132,2203,2991,2237,1537,2372
"rno-miR-3560",0,0,0,0,0,0,0,0,0
"rno-miR-10a-3p",55,160,127,168,141,140,101,112,217
"rno-miR-7a-2-3p",16,5,7,2,2,1,1,2,5
"rno-miR-21-3p",7,67,72,46,135,174,16,90,135
"rno-miR-490-3p",323,2272,1181,2872,2132,2769,1440,905,1746
"rno-miR-191a-5p",3115,22792,16496,50173,37070,40241,24547,15973,27522
"rno-miR-708-3p",5,17,3,18,12,12,12,6,11
"rno-miR-99b-3p",62,421,273,741,621,679,421,245,438
"rno-miR-99a-3p",24,100,86,207,146,193,140,78,101
"rno-miR-100-3p",5,25,12,19,20,32,13,14,27
"rno-miR-540-5p",124,33,50,6,19,13,18,16,38
"rno-miR-679",2,1,0,1,2,0,1,1,2
"rno-miR-224-5p",126,610,641,3183,1825,2670,574,305,440
"rno-miR-105",3,2,2,0,1,1,0,1,3
"rno-miR-96-3p",2,0,0,0,0,0,1,0,0
"rno-miR-33-3p",6,12,10,25,19,22,13,12,18
"rno-miR-3594-3p",0,2,5,4,6,11,2,0,3
"rno-miR-216b-3p",0,2,0,1,2,3,0,1,0
"rno-miR-1912-3p",1,1,3,1,0,0,1,1,1
"rno-miR-3120",29,233,88,176,164,232,136,98,173
"rno-miR-674-3p",76,564,317,781,488,770,361,280,432
"rno-miR-216a-3p",2,0,0,5,1,2,0,3,2
"rno-miR-323-3p",0,15,7,29,33,19,11,9,18
"rno-miR-99b-5p",2020,11957,8149,24660,17068,21377,13945,8388,13974
"rno-miR-28-3p",415,2538,2001,5759,3802,4992,2897,1833,3150
"rno-miR-201-5p",45,246,154,417,307,396,193,125,246
"rno-miR-483-3p",15,24,25,58,36,41,52,23,37
"rno-miR-383-5p",5,0,2,5,2,1,1,2,1
"rno-miR-3548",0,0,0,0,0,0,0,0,0
"rno-miR-497-5p",148,858,491,1427,891,1207,880,616,1037
"rno-miR-349",3,0,1,1,0,1,0,1,2
"rno-miR-449a-3p",1,0,0,0,1,0,0,0,0
"rno-miR-133c",0,0,0,0,0,0,0,0,0
"rno-miR-370-5p",5,7,3,0,2,2,3,1,1
"rno-miR-3553",2,0,0,0,0,0,0,0,0
"rno-miR-301a-3p",4,17,13,24,15,25,16,17,14
"rno-miR-130b-3p",0,3,1,3,6,3,4,6,5
"rno-miR-301b-3p",0,1,1,0,0,0,0,1,4
"rno-miR-130a-3p",0,4,3,5,5,5,2,6,0
"rno-miR-140-5p",168,1590,767,1699,1193,1552,1003,709,1270
"rno-miR-142-5p",105,865,479,890,887,1138,424,477,869
"rno-miR-539-3p",1,2,2,0,1,8,4,1,4
"rno-miR-485-3p",1,7,3,11,5,7,5,5,7
"rno-miR-291a-5p",0,1,1,0,0,1,0,0,0
"rno-miR-136-3p",6,35,14,30,21,34,37,32,54
"rno-miR-188-5p",1,6,3,1,6,6,3,2,2
"rno-miR-200a-5p",0,0,0,0,0,0,0,0,0
"rno-miR-200b-5p",2,1,3,0,1,2,0,1,1
"rno-miR-532-5p",506,2846,1861,4190,3203,4257,2344,1673,3178
"rno-miR-511-5p",2,7,2,3,8,6,2,8,2
"rno-miR-218b",0,0,0,0,0,0,0,0,0
"rno-miR-218a-2-3p",2,0,0,0,0,2,0,0,1
"rno-miR-6316",14,4,5,1,1,3,1,4,5
"rno-miR-126a-5p",5259,27673,16813,44999,29972,41234,27675,20117,34089
"rno-miR-25-3p",908,6258,4308,11137,8214,9881,5649,4161,6824
"rno-miR-497-3p",2,1,1,0,2,3,0,3,4
"rno-miR-195-3p",46,463,227,649,435,473,293,193,386
"rno-miR-383-3p",5,2,3,0,1,0,0,1,2
"rno-miR-181d-3p",1,1,2,5,4,9,3,3,6
"rno-miR-1306-5p",25,28,20,56,32,56,33,20,36
"rno-miR-324-3p",26,96,64,161,118,116,89,72,124
"rno-miR-6334",9,3,7,2,2,1,1,5,4
"rno-miR-194-3p",1,4,2,23,6,4,14,3,3
"rno-miR-935",1,0,0,1,1,0,0,0,0
"rno-miR-3558-5p",9,6,5,5,0,3,2,1,8
"rno-miR-490-5p",19,136,44,82,58,110,44,48,102
"rno-miR-488-5p",1,3,1,0,0,1,0,1,0
"rno-miR-3594-5p",6,8,6,3,1,0,1,3,4
"rno-miR-199a-5p",2103,11465,7375,19255,12378,19179,14109,8254,11925
"rno-miR-361-3p",275,1656,1047,3628,2784,2790,1459,1069,2001
"rno-miR-760-5p",10,5,3,0,0,1,1,3,2
"rno-miR-345-3p",96,596,386,958,729,818,439,282,496
"rno-miR-10b-5p",3,42,14,84,137,18,7,24,65
"rno-miR-3550",1,1,1,0,0,0,0,2,0
"rno-miR-106b-3p",110,485,409,1030,770,971,500,396,804
"rno-miR-676",104,1024,514,1013,800,985,774,526,963
"rno-miR-146b-3p",12,31,15,25,40,40,14,21,36
"rno-miR-325-5p",9,47,27,76,61,45,26,19,23
"rno-miR-26a-3p",0,1,0,2,3,1,2,3,3
"rno-miR-532-3p",23,108,62,161,141,157,96,72,132
"rno-miR-326-3p",30,104,81,100,85,124,64,59,98
"rno-miR-3583-3p",46,15,16,8,8,5,9,10,18
"rno-miR-5132-3p",3,1,1,0,2,2,1,3,0
"rno-miR-26b-3p",59,46,29,73,51,60,36,31,38
"rno-miR-327",0,0,0,0,0,0,0,0,0
"rno-miR-15b-3p",14,67,51,168,122,167,124,72,116
"rno-miR-1188-3p",2,2,0,1,0,0,0,1,6
"rno-miR-3556a",0,0,0,0,0,0,0,0,0
"rno-miR-6332",30,20,22,6,14,12,6,6,23
"rno-miR-324-5p",17,51,51,63,44,57,48,36,64
"rno-miR-6327",2,0,0,0,0,0,0,0,0
"rno-miR-874-5p",6,1,6,5,1,6,6,4,1
"rno-miR-337-5p",2,11,12,23,20,27,26,15,28
"rno-miR-138-1-3p",2,1,0,0,0,1,0,1,1
"rno-miR-760-3p",9,20,13,25,19,26,5,13,12
"rno-miR-1247-3p",0,0,1,0,0,0,0,1,0
"rno-miR-128-1-5p",5,2,6,8,5,8,3,1,8
"rno-miR-363-5p",0,1,0,1,1,0,1,0,2
"rno-miR-667-5p",3,2,7,3,0,1,0,3,3
"rno-miR-299b-5p",0,0,0,0,0,0,1,0,0
"rno-miR-200c-5p",0,0,1,0,1,0,1,0,0
"rno-miR-7578",7,1,4,0,0,3,1,0,9
"rno-miR-5132-5p",19,8,7,6,6,6,3,3,11
"rno-miR-223-5p",1,22,11,5,28,19,11,15,25
"rno-miR-151-3p",596,6165,2846,7594,5533,6623,3463,2557,4694
"rno-let-7b-3p",53,326,186,519,329,470,222,183,278
"rno-miR-98-3p",5,40,19,44,38,41,29,19,28
"rno-miR-3596d",0,0,0,0,0,0,0,0,0
"rno-let-7f-1-3p",26,251,154,300,247,301,175,108,196
"rno-let-7f-2-3p",63,160,110,344,213,230,193,139,222
"rno-let-7d-3p",568,3214,2135,5989,4431,5254,2960,2173,3549
"rno-let-7e-3p",19,98,83,165,170,182,107,82,100
"rno-miR-31b",0,0,0,0,0,0,0,0,0
"rno-miR-379-3p",4,15,10,25,25,24,20,5,21
"rno-miR-294",2,0,0,0,0,0,1,1,0
"rno-miR-673-5p",4,3,1,1,2,1,1,2,1
"rno-miR-181b-1-3p",11,19,43,26,33,65,16,40,51
"rno-miR-181b-2-3p",7,13,6,18,5,13,1,1,0
"rno-miR-188-3p",2,0,1,1,1,0,0,1,3
"rno-miR-155-3p",12,27,12,126,43,36,76,11,18
"rno-miR-378a-5p",0,0,0,0,0,0,0,0,0
"rno-miR-3102",7,69,62,123,90,120,58,56,89
"rno-miR-344i",1,0,0,0,0,0,0,0,2
"rno-miR-127-5p",36,28,20,30,25,37,37,27,31
"rno-miR-192-5p",147,1265,737,3752,2631,3278,1272,901,1509
"rno-miR-192-3p",5,4,9,2,7,6,3,5,4
"rno-miR-3084c-3p",1,4,2,0,1,0,0,0,1
"rno-miR-874-3p",19,104,63,161,113,120,77,53,86
"rno-miR-3566",4,1,3,1,1,2,0,1,0
"rno-miR-6318",6,4,7,9,5,5,8,4,5
"rno-let-7i-3p",25,142,51,116,88,111,75,78,121
"rno-miR-328b-3p",1,0,1,0,0,0,0,0,0
"rno-miR-328a-3p",544,5606,2604,6658,6065,5955,2933,2252,4055
"rno-miR-664-1-5p",0,0,0,1,0,0,0,0,0
"rno-miR-664-2-5p",8,29,20,52,36,56,25,25,13
"rno-miR-30c-2-3p",459,1772,1323,3949,2692,2985,1497,941,1843
"rno-miR-30c-1-3p",65,326,222,668,494,605,295,228,371
"rno-miR-30b-3p",51,230,130,372,248,300,196,136,231
"rno-miR-150-3p",9,82,32,120,112,112,56,44,56
"rno-miR-6326",4,2,1,2,1,1,0,0,1
"rno-let-7c-1-3p",18,49,29,52,41,43,24,20,33
"rno-let-7a-2-3p",1,3,5,8,3,8,8,3,4
"rno-let-7g-3p",2,12,2,2,2,10,4,9,4
"rno-miR-210-3p",0,0,0,0,0,0,0,0,0
"rno-miR-134-3p",2,1,1,0,0,0,0,0,1
"rno-miR-374-3p",16,186,82,193,162,188,114,82,151
"rno-miR-879-3p",0,0,0,1,0,0,1,2,0
"rno-miR-3593-3p",0,0,2,4,3,1,3,0,2
"rno-miR-412-3p",6,1,2,1,0,0,2,2,4
"rno-miR-207",22,11,13,1,7,8,2,5,9
"rno-miR-544-5p",0,0,2,0,0,1,1,2,1
"rno-miR-30d-3p",48,270,128,416,254,297,220,166,248
"rno-miR-30e-3p",1984,12284,7472,21373,15260,17156,8300,6643,10720
"rno-miR-30a-3p",1143,6377,4133,12126,8488,10123,4775,3650,5999
"rno-miR-6331",3,4,2,6,3,1,1,1,5
"rno-miR-743b-3p",1,0,0,1,0,0,0,0,1
"rno-miR-743a-3p",1,0,2,0,1,1,1,1,0
"rno-miR-742-3p",0,8,8,2,2,4,3,1,5
"rno-miR-551b-5p",2,0,1,0,0,1,0,1,3
"rno-miR-191b",1,0,0,0,0,0,0,0,0
"rno-miR-148b-5p",25,130,65,181,133,183,114,69,118
"rno-miR-382-5p",5,15,10,19,16,27,12,12,25
"rno-miR-1306-3p",3,8,7,12,11,12,4,6,13
"rno-miR-873-3p",0,0,1,0,0,0,0,2,0
"rno-miR-208a-5p",25,118,119,276,185,286,147,96,157
"rno-miR-3589",74,507,380,877,682,694,370,233,522
"rno-miR-764-3p",0,0,0,0,0,0,0,1,0
"rno-miR-365-5p",0,4,7,2,8,9,1,1,4
"rno-miR-296-3p",7,15,6,12,5,15,11,11,6
"rno-miR-6216",41,14,8,6,9,7,4,8,8
"rno-miR-344b-1-3p",0,0,0,0,0,0,1,2,0
"rno-miR-3074",1,1,2,1,1,1,5,2,4
"rno-miR-330-3p",10,38,25,71,51,77,37,26,49
"rno-miR-32-3p",0,7,3,5,2,4,6,3,10
"rno-miR-1-5p",2,9,2,8,6,5,6,7,18
"rno-miR-674-5p",39,142,119,289,201,265,197,109,194
"rno-miR-759",0,0,0,0,1,0,0,1,0
"rno-miR-761",1,14,17,1,8,6,4,11,9
"rno-miR-873-5p",5,2,4,0,0,2,1,1,2
"rno-miR-455-3p",92,638,479,1029,842,941,612,453,791
"rno-miR-878",0,0,0,0,0,0,0,0,1
"rno-miR-186-3p",0,1,0,1,0,0,1,1,0
"rno-miR-331-3p",31,135,105,262,200,258,127,78,116
"rno-miR-370-3p",3,1,4,9,9,7,2,7,16
"rno-miR-320-5p",1,3,1,13,2,2,4,2,1
"rno-miR-3557-5p",86,502,323,844,419,634,434,216,373
"rno-miR-3578",0,0,0,0,0,0,0,0,0
"rno-miR-375-5p",9,7,1,0,3,2,3,2,0
"rno-miR-3579",0,0,0,0,0,0,0,0,0
"rno-miR-762",2,0,0,0,0,0,0,1,0
"rno-miR-138-2-3p",0,2,2,3,0,1,4,0,2
"rno-miR-301b-5p",0,0,0,0,0,0,0,1,0
"rno-miR-301a-5p",8,30,29,58,47,60,35,31,53
"rno-miR-130a-5p",7,10,16,15,14,22,11,13,10
"rno-miR-191a-3p",4,24,18,39,27,27,11,9,19
"rno-miR-204-3p",6,4,1,1,1,2,1,2,4
"rno-miR-133b-5p",0,0,0,0,1,0,0,0,0
"rno-miR-539-5p",0,0,0,0,0,0,0,0,0
"rno-miR-3569",4,2,1,0,1,2,2,1,3
"rno-miR-144-5p",5,39,34,170,132,123,153,115,160
"rno-miR-145-3p",872,5462,3558,9998,7331,8609,4481,3207,5442
"rno-miR-211-3p",10,4,3,0,0,0,3,3,3
"rno-miR-298-5p",19,48,35,54,45,62,64,48,72
"rno-miR-421-5p",0,1,1,1,2,1,1,2,0
"rno-miR-551b-3p",1,0,0,1,0,2,0,2,2
"rno-miR-222-5p",3,18,7,8,16,25,3,13,28
"rno-miR-666-3p",0,0,0,0,0,0,0,0,0
"rno-miR-103-1-5p",0,1,0,2,0,0,0,0,0
"rno-miR-711",2,0,0,0,0,0,0,0,2
"rno-miR-149-3p",0,2,0,3,0,0,0,0,0
"rno-miR-505-5p",3,11,5,15,12,16,3,8,10
"rno-miR-326-5p",2,1,0,0,0,0,0,0,0
"rno-miR-128-2-5p",0,0,0,0,1,0,0,0,0
"rno-miR-328a-5p",2,0,2,0,1,0,0,0,3
"rno-miR-615",15,4,4,0,0,1,0,3,10
"rno-miR-23a-5p",4,12,11,24,14,21,13,10,16
"rno-miR-193b-5p",0,3,0,8,0,6,4,3,3
"rno-miR-23b-5p",5,17,14,22,23,18,9,7,13
"rno-miR-3570",0,0,0,0,0,0,0,0,0
"rno-miR-376a-5p",14,7,7,1,4,5,2,4,8
"rno-miR-331-5p",1,1,1,1,2,1,1,1,0
"rno-miR-3068-3p",590,1691,766,1364,1438,1746,849,861,1438
"rno-miR-143-5p",726,2567,1873,6277,3715,5146,3678,2332,3761
"rno-miR-764-5p",21,5,4,1,0,1,1,2,8
"rno-miR-877",5,19,21,50,42,42,18,14,29
"rno-miR-505-3p",0,0,0,0,0,0,0,0,0
"rno-miR-153-5p",8,3,6,1,1,2,0,1,5
"rno-miR-145-5p",3117,18587,13399,36468,27266,33044,20379,13951,24983
"rno-miR-678",4,1,5,0,1,1,0,1,2
"rno-miR-203a-3p",16,134,133,322,304,389,91,92,175
"rno-miR-1224",6,4,3,4,2,1,1,2,5
"rno-miR-702-5p",2,0,0,0,1,0,0,1,1
"rno-miR-33-5p",4,54,19,49,22,33,18,13,22
"rno-miR-24-2-5p",416,4614,2058,3816,3129,3899,1831,1702,3164
"rno-miR-24-1-5p",7,42,25,37,33,39,21,19,41
"rno-miR-376b-5p",0,2,1,1,4,7,2,4,7
"rno-miR-376c-5p",0,1,0,0,0,0,0,0,1
"rno-miR-3595",0,0,0,0,0,0,0,0,0
"rno-miR-770-3p",0,0,0,0,1,4,1,2,2
"rno-miR-632",0,0,0,0,1,0,0,0,0
"rno-miR-147",5,47,20,39,26,55,17,21,39
"rno-miR-3084c-5p",0,0,0,0,0,0,0,0,0
"rno-miR-106b-5p",123,504,314,693,531,722,521,419,661
"rno-miR-20a-5p",543,3124,3171,5347,4593,6798,4572,3506,6137
"rno-miR-141-3p",1,9,3,7,7,9,8,4,9
"rno-miR-200a-3p",1,4,0,6,3,7,5,1,3
"rno-miR-132-3p",105,401,267,777,298,449,583,244,473
"rno-miR-212-3p",10,27,20,38,28,34,39,21,38
"rno-miR-883-3p",2,2,5,1,0,2,0,0,2
"rno-miR-881-3p",1,0,1,0,1,1,0,0,1
"rno-miR-18a-5p",8,27,12,11,20,18,13,18,29
"rno-miR-200c-3p",22,145,120,438,285,382,169,105,153
"rno-miR-200b-3p",4,8,4,18,7,8,3,1,7
"rno-miR-429",0,1,0,0,1,1,3,4,10
"rno-miR-216a-5p",7,14,16,7,5,7,8,9,13
"rno-miR-365-3p",63,299,264,768,614,645,479,275,419
"rno-miR-3571",5,7,5,6,7,6,10,7,14
"rno-miR-101a-3p",4903,23419,14558,43705,23600,35149,19196,12711,21007
"rno-miR-101b-3p",1321,6857,5240,14035,9034,13109,6043,4430,7210
"rno-miR-144-3p",6,103,24,56,40,63,67,73,175
"rno-miR-582-5p",2,8,11,23,21,21,19,14,28
"rno-miR-741-5p",0,0,0,0,0,0,0,0,0
"rno-miR-126b",7,0,0,3,2,2,0,1,1
"rno-miR-140-3p",1818,9453,7122,22605,15012,18525,9656,6702,11999
"rno-miR-10a-5p",6440,38671,28277,30999,28444,34330,19493,18111,34342
"rno-miR-463-5p",2,0,4,1,3,1,0,6,3
"rno-miR-433-5p",2,4,8,0,1,2,1,1,9
"rno-miR-471-5p",0,0,0,0,1,1,3,1,5
"rno-miR-742-5p",1,1,1,0,0,0,0,1,0
"rno-miR-880-5p",0,2,0,0,1,0,0,0,0
"rno-miR-509-5p",8,8,6,10,9,7,7,2,15
"rno-miR-880-3p",1,0,1,0,0,0,0,0,0
"rno-miR-6321",26,79,55,60,51,46,28,26,30
"rno-miR-217-5p",8,30,22,60,39,58,28,12,21
"rno-miR-449c-3p",1,0,0,0,0,0,0,0,0
"rno-miR-3590-3p",0,0,0,1,0,2,1,3,1
"rno-miR-29a-3p",6056,35721,22629,53279,42537,51956,19820,15091,24174
"rno-miR-195-5p",505,3453,1982,4686,3255,4169,2630,2036,3501
"rno-miR-15a-5p",46,316,190,513,346,423,318,221,368
"rno-miR-15b-5p",35,211,160,397,307,395,251,208,358
"rno-miR-16-5p",1086,5711,3796,9065,6966,8136,5594,4232,7090
"rno-miR-21-5p",10653,127689,108347,113932,178631,252398,68686,104504,169738
"rno-miR-3099",3,3,1,1,2,0,0,0,4
"rno-miR-6333",15,6,3,3,6,4,3,5,6
"rno-miR-196a-5p",2,2,5,0,1,1,0,1,2
"rno-miR-196c-5p",1,0,3,9,10,11,8,9,20
"rno-miR-1193-3p",1,6,4,11,10,12,11,8,19
"rno-miR-154-5p",1,9,7,9,2,16,11,6,20
"rno-miR-411-5p",21,119,75,152,111,149,144,109,224
"rno-miR-6330",1,2,1,0,0,0,0,1,2
"rno-miR-381-3p",1,5,3,6,3,3,2,2,2
"rno-miR-466c-3p",6,6,2,1,0,2,1,0,4
"rno-miR-1949",60,136,51,56,85,94,62,46,108
"rno-miR-875",0,1,0,0,0,0,0,0,0
"rno-miR-3561-3p",8,4,5,4,2,2,3,4,5
"rno-miR-300-3p",7,31,15,35,32,44,34,30,53
"rno-miR-1843a-5p",41,319,200,613,443,533,342,203,361
"rno-miR-183-5p",0,0,0,0,0,0,0,0,0
"rno-miR-135b-5p",3,2,2,0,0,0,4,3,2
"rno-miR-135a-5p",213,308,367,39,159,169,63,136,204
"rno-miR-411-3p",0,7,3,12,11,5,8,8,10
"rno-miR-380-3p",0,5,0,1,1,1,2,2,4
"rno-miR-455-5p",117,1044,569,888,732,827,612,452,903
"rno-miR-299b-3p",0,0,0,0,0,0,0,0,0
"rno-miR-299a-3p",1,6,3,13,9,11,8,13,18
"rno-miR-881-5p",0,2,1,1,0,0,0,0,1
"rno-miR-871-5p",3,0,1,0,0,0,0,0,1
"rno-miR-743a-5p",2,1,0,0,0,1,0,0,0
"rno-miR-32-5p",32,324,117,196,179,222,152,132,246
"rno-miR-92b-3p",0,4,2,13,6,9,10,7,7
"rno-miR-450a-3p",11,52,48,125,75,91,65,52,69
"rno-miR-465-5p",1,0,0,0,0,0,1,0,0
"rno-miR-3065-5p",0,0,0,0,0,0,0,0,0
"rno-miR-335",19,162,137,372,244,365,588,355,552
"rno-miR-3588",0,0,0,0,0,0,0,0,0
"rno-miR-336-5p",0,8,4,5,2,7,5,5,3
"rno-miR-547-5p",20,101,67,216,128,171,73,56,91
"rno-miR-3065-3p",1,3,2,1,3,5,2,1,2
"rno-miR-3574",0,0,0,0,0,0,0,0,0
"rno-miR-484",13,82,57,198,136,138,128,100,130
"rno-miR-802-5p",7,8,2,2,4,2,2,3,4
"rno-miR-6324",10,22,12,64,39,46,25,13,29
"rno-miR-452-3p",5,22,14,50,31,29,15,8,7
"rno-miR-148a-3p",5991,60896,30263,56943,50875,55296,28427,20995,42802
"rno-miR-148b-3p",1154,6740,5184,13514,9821,12515,6849,4434,7513
"rno-miR-152-3p",2928,13467,9990,27930,17893,25305,16901,10593,18258
"rno-miR-101a-5p",4,13,7,12,7,6,9,5,15
"rno-miR-338-3p",10,70,45,71,55,75,43,27,54
"rno-miR-141-5p",7,5,4,2,4,3,2,1,7
"rno-miR-3541",4,5,3,9,7,3,3,3,6
"rno-miR-125a-5p",4232,29861,21461,59201,43553,49035,26511,17448,31535
"rno-miR-3586-5p",0,0,0,1,1,1,0,0,1
"rno-miR-339-5p",284,1290,959,2568,1896,2405,1403,1000,1755
"rno-miR-673-3p",7,3,6,1,1,0,1,2,3
"rno-miR-671",37,69,44,54,59,63,31,30,61
"rno-miR-486",2815,18957,11015,36000,28671,30997,12673,10275,19290
"rno-miR-205",10,4,1,9,5,6,9,2,9
"rno-miR-151-5p",0,0,0,0,0,0,0,0,0
"rno-miR-127-3p",111,663,367,1018,833,876,713,517,1034
"rno-miR-196a-3p",2,1,3,0,0,1,0,2,3
"rno-miR-341",0,12,11,12,11,19,11,12,18
"rno-miR-101b-5p",6,5,3,8,6,2,2,3,2
"rno-miR-126a-3p",68770,584567,286448,642031,479806,612181,322562,256522,477522
"rno-miR-187-3p",8,33,21,38,35,62,24,19,30
"rno-miR-19a-5p",0,0,1,0,0,0,0,0,2
"rno-miR-139-5p",395,4440,2117,4133,4105,3731,1849,1434,2754
"rno-miR-3473",677,440,317,258,274,349,251,287,373
"rno-miR-290",0,1,1,0,0,0,0,0,0
"rno-miR-342-3p",88,600,397,940,697,878,686,386,624
"rno-miR-150-5p",1360,7985,5107,12588,9096,11700,4547,3599,6614
"rno-miR-343",3,0,1,0,0,1,2,0,1
"rno-miR-330-5p",20,109,61,160,147,169,75,75,111
"rno-miR-1199-5p",1,1,0,0,0,0,0,0,0
"rno-miR-1843a-3p",20,135,103,259,191,273,96,78,134
"rno-miR-1843b-3p",2,2,3,14,6,8,6,2,7
"rno-miR-6315",14,7,7,14,6,11,4,7,7
"rno-miR-149-5p",1144,10065,4716,11604,10014,9836,3867,2988,5113
"rno-miR-3085",0,0,0,0,0,0,1,1,1
"rno-miR-3577",4,10,7,26,18,11,14,8,17
"rno-miR-3551-5p",0,0,0,0,0,0,0,1,1
"rno-miR-494-3p",7,23,19,48,47,77,64,53,92
"rno-miR-471-3p",1,1,0,1,0,0,0,0,0
"rno-miR-3551-3p",4,0,0,0,0,0,0,0,1
"rno-miR-201-3p",8,44,28,76,41,67,42,24,39
"rno-miR-6320",4,0,0,1,1,1,1,3,1
"rno-miR-3585-3p",15,86,42,116,84,125,42,35,50
"rno-miR-872-3p",48,188,175,485,347,395,245,195,325
"rno-miR-493-3p",3,5,2,1,5,1,1,4,3
"rno-miR-377-3p",0,1,4,0,2,2,2,2,5
"rno-miR-183-3p",0,1,0,0,1,2,0,0,0
"rno-miR-667-3p",4,2,2,0,1,2,2,2,0
"rno-miR-3559-5p",38,221,135,626,362,502,424,281,496
"rno-miR-3580-3p",0,0,0,0,0,1,0,0,0
"rno-miR-871-3p",0,0,0,0,1,0,1,0,1
"rno-miR-146b-5p",359,4421,3444,3946,6901,6804,1832,3807,5252
"rno-miR-146a-5p",4705,32822,24367,41157,38608,43564,22756,18743,31263
"rno-miR-143-3p",105688,525351,343409,1018543,627540,807127,449603,324101,580363
"rno-miR-3547",7,3,3,0,5,1,2,2,4
"rno-miR-339-3p",81,353,240,720,529,591,292,204,317
"rno-miR-423-5p",174,1391,970,2986,2376,2664,1201,861,1368
"rno-miR-3573-5p",1,1,0,0,0,1,0,1,1
"rno-let-7e-5p",10,42,31,77,54,54,51,29,48
"rno-miR-98-5p",94,701,472,1196,857,1021,642,463,815
"rno-let-7b-5p",2843,16371,10779,29767,22067,25211,16126,11278,18119
"rno-let-7g-5p",20858,133657,96377,275880,208494,228705,117049,86537,146440
"rno-let-7i-5p",18741,126933,99432,227130,179295,216276,111250,81662,140111
"rno-miR-672-5p",9,35,11,29,25,32,35,24,41
"rno-miR-463-3p",0,0,0,0,0,0,0,0,0
"rno-miR-190b-5p",10,21,25,51,29,46,16,14,25
"rno-miR-465-3p",1,0,0,0,0,2,0,0,4
"rno-miR-344a-3p",6,2,1,1,2,3,0,1,2
"rno-miR-509-3p",3,13,12,30,24,26,10,14,17
"rno-miR-702-3p",6,65,48,101,101,85,64,27,44
"rno-miR-3072",4,4,7,1,2,3,1,6,6
"rno-miR-3590-5p",0,0,0,0,0,0,0,0,0
"rno-miR-1199-3p",1,0,0,0,0,0,0,0,1
"rno-miR-31a-3p",14,9,3,0,3,16,2,7,11
"rno-miR-1912-5p",1,0,1,0,0,0,0,1,1
"rno-miR-345-5p",37,195,103,173,158,198,119,90,156
"rno-miR-883-5p",4,1,0,0,5,1,2,0,3
"rno-miR-3580-5p",8,4,6,0,1,2,0,0,3
"rno-miR-6323",2,0,0,2,1,1,0,0,4
"rno-miR-7b",7,8,6,18,24,11,2,8,6
"rno-miR-1b",253077,1207920,1107089,3232128,2130573,2488488,1404847,892389,1402362
"rno-miR-1-3p",554,3530,2726,10928,5659,5927,3286,2060,2831
"rno-miR-206-3p",95,532,433,1401,939,786,786,551,927
"rno-miR-184",106,756,394,738,543,754,210,173,289
"rno-miR-139-3p",10,63,61,114,93,112,54,36,63
"rno-miR-185-5p",952,5349,4358,17665,11654,14525,6853,4161,6343
"rno-miR-122-5p",2,2,4,2,2,3,4,1,3
"rno-miR-876",142,22,22,9,13,7,9,28,28
"rno-miR-449a-5p",3,23,10,15,15,9,24,24,19
"rno-miR-34a-5p",138,778,506,1373,901,1158,887,513,902
"rno-miR-3593-5p",1,0,0,0,0,2,2,1,0
"rno-miR-1956-3p",1,0,0,3,1,1,1,0,1
"rno-miR-3064-5p",13,24,25,6,17,24,9,20,28
"rno-miR-3564",4,1,0,0,1,0,0,0,3
"rno-miR-193a-5p",2,14,14,21,25,29,11,16,20
"rno-miR-379-5p",17,87,79,179,121,159,144,110,217
"rno-miR-412-5p",1,0,1,0,0,1,1,1,0
"rno-miR-675-5p",1,0,1,0,0,1,0,0,2
"rno-miR-1896",4,1,0,0,0,0,1,0,1
"rno-miR-1188-5p",8,4,3,0,0,1,2,1,7
"rno-miR-758-5p",7,5,3,0,2,2,0,3,6
"rno-miR-299a-5p",1,0,3,1,1,1,2,1,3
"rno-miR-384-5p",4,28,21,56,44,44,23,15,24
"rno-miR-30d-5p",16633,115284,70745,208001,153119,157644,92518,63666,107490
"rno-miR-30b-5p",2058,10487,7198,18403,14555,15907,10312,7614,14505
"rno-miR-30a-5p",27428,142539,87131,273005,193766,220985,119876,79675,140250
"rno-miR-30e-5p",12209,86068,39897,116935,81022,96201,61634,39336,75273
"rno-miR-135a-3p",2,0,0,0,0,1,1,0,1
"rno-miR-142-3p",56,905,279,376,421,581,223,287,618
"rno-miR-675-3p",1,1,0,1,0,0,1,0,1
"rno-miR-668",5,9,8,15,12,15,14,6,12
"rno-miR-223-3p",7,146,128,65,212,273,58,137,215
"rno-miR-347",1,2,0,0,2,1,1,2,0
"rno-miR-489-5p",0,1,0,0,0,0,0,0,2
"rno-miR-346",5,24,24,49,41,54,11,9,22
"rno-miR-3075",1,1,1,4,3,3,1,2,3
"rno-miR-6322",2,0,0,0,0,0,0,1,1
"rno-miR-431",2,3,6,2,5,3,2,8,3
"rno-miR-134-5p",4,20,17,55,30,60,36,28,39
"rno-miR-466c-5p",16,93,54,110,95,126,87,76,121
"rno-miR-19a-3p",19,296,88,148,136,148,144,98,213
"rno-miR-2985",0,0,0,0,0,0,0,0,1
"rno-miR-743b-5p",2,1,0,0,1,0,0,0,0
"rno-miR-3568",2,0,2,0,1,0,0,0,0
"rno-miR-499-5p",11485,91112,45918,124852,84705,103471,45856,36376,62728
"rno-miR-155-5p",83,671,1067,1506,2503,2980,1140,1502,2037
"rno-miR-3572",1,1,0,1,3,3,5,0,1
"rno-miR-361-5p",123,532,472,1174,852,1080,759,470,728
"rno-miR-137-3p",2,1,2,5,6,8,1,2,9
"rno-miR-26a-5p",61168,358643,215286,557329,415848,464561,236005,173397,323474
"rno-miR-26b-5p",5448,33920,21998,52178,42175,46917,23239,18162,30641
"rno-miR-3585-5p",12,64,36,58,44,94,43,30,51
"rno-miR-27a-3p",6566,50332,26787,51715,37185,52418,25222,22929,42929
"rno-miR-27b-3p",28782,143716,107372,279649,184272,249542,137146,104949,163842
"rno-miR-653-3p",1,2,1,0,0,0,0,1,1
"rno-miR-337-3p",2,0,0,0,2,0,1,2,1
"rno-miR-1298",9,4,0,0,0,1,0,1,2
"rno-miR-204-5p",10,156,65,179,94,148,110,80,133
"rno-miR-211-5p",1,3,2,6,7,2,5,5,2
"rno-miR-3573-3p",4,0,1,0,1,0,1,0,1
"rno-miR-202-5p",0,0,0,0,0,0,0,0,0
"rno-miR-653-5p",7,7,11,8,15,8,9,12,17
"rno-miR-488-3p",6,36,36,80,46,52,31,30,58
"rno-miR-203b-3p",2,4,4,18,14,20,0,2,2
"rno-miR-300-5p",1,0,3,0,0,0,0,2,0
"rno-miR-3084a-5p",1,0,3,2,0,3,2,5,2
"rno-miR-153-3p",1,4,0,2,0,4,2,2,3
"rno-miR-448-3p",0,2,1,0,1,0,0,3,3
"rno-miR-3068-5p",247,1382,839,2660,1571,2385,1260,754,1084
"rno-miR-3562",4,1,0,0,1,0,1,0,2
"rno-miR-493-5p",0,9,3,7,6,9,5,10,8
"rno-miR-6215",5715,11737,20655,10240,29161,21518,3170,5817,10677
"rno-miR-325-3p",3,11,5,22,12,15,6,5,13
"rno-miR-29b-1-5p",4,17,12,19,25,22,4,13,12
"rno-miR-185-3p",4,1,3,0,0,1,1,2,4
"rno-miR-3064-3p",5,5,2,5,3,2,4,2,4
"rno-miR-182",9,58,37,87,98,103,29,22,51
"rno-miR-96-5p",4,5,4,3,11,6,3,7,14
"rno-miR-133b-3p",13,36,22,61,58,36,72,45,65
"rno-miR-133a-3p",11,35,29,93,63,71,34,28,66
"rno-miR-758-3p",0,1,0,0,3,1,0,1,2
"rno-miR-375-3p",5,1,0,0,0,0,1,0,0
"rno-miR-450a-5p",504,3075,1822,6248,3569,5039,3832,2057,2960
